person_id,image_name,top_left_R_mean,top_left_R_var,top_left_G_mean,top_left_G_var,top_left_B_mean,top_left_B_var,top_right_R_mean,top_right_R_var,top_right_G_mean,top_right_G_var,top_right_B_mean,top_right_B_var,bottom_left_R_mean,bottom_left_R_var,bottom_left_G_mean,bottom_left_G_var,bottom_left_B_mean,bottom_left_B_var,bottom_right_R_mean,bottom_right_R_var,bottom_right_G_mean,bottom_right_G_var,bottom_right_B_mean,bottom_right_B_var
A,page_1.jpg,154.4504900888034,1875.6243758036271,159.88138526393385,2088.6404121790156,175.15392013452967,2114.943154171021,179.17463898916967,1037.0897413991383,186.17663087217457,1070.177072592044,202.545890914944,762.8305873486744,157.72460376555685,1477.2368321038705,163.89217938287186,1637.6812021020626,178.10746700322278,1642.889634443583,181.14070526249333,678.1477563959602,187.58438986873898,701.2323120394242,201.68933267521078,599.004393792853
A,page_2.jpg,175.1023866004247,1159.8558196183153,181.26878223203585,1213.8795516568207,202.18287655223517,893.8114445449578,178.07993982916847,845.1998858584682,185.15947752654193,865.1607762802555,204.9890158444892,646.5503605412194,158.6816009468821,1282.1435830288451,164.37019658744487,1359.0904523606353,183.43931798628412,1053.3317558997053,174.52544972980218,1012.7090733509374,181.42241959225822,1043.3364840046536,200.90091174696477,779.430816191304
A,page_3.jpg,183.07869408233097,429.1130947700078,187.42590580851018,440.1177283474896,197.68205911371413,393.3240295741028,176.72942775573608,459.6549169070391,180.36180122593782,471.50392416915025,188.6836728803241,418.98868906888544,174.0368148707937,610.5449532069682,177.73696129059346,630.0428795123878,188.43328452673342,477.2642739863242,172.13318428952286,701.5195228976451,175.49200726326174,723.3929184618152,184.5307507819552,547.9906995391876
A,page_4.jpg,178.19404931792724,996.3614149722335,182.3897507506125,1070.286600390544,193.85077004915425,966.6144825585226,174.63973388883784,742.8376388144997,179.50012509062688,756.2623048174457,191.11193313523063,638.0184321798259,171.5932002114559,1169.357892833951,175.48411654591376,1264.365701144511,188.13972689499477,1102.6741156071164,171.18718548769482,696.5998698461012,176.62221304496347,729.2945224114048,187.53451668986474,641.287495842241
A,page_5.jpg,189.05576584728297,618.0857681675623,191.54074046146886,838.100660126326,201.04729050419746,888.6964088603115,181.58748806112703,552.7309800320925,186.16541497008998,558.5825107072549,195.84988940833458,523.2874778694363,179.51930578595486,1259.249275404057,181.56075001256724,1499.2807889011117,192.82670537374955,1292.6876359910618,177.8263484642839,965.9776946389408,182.45876690293068,999.196170942147,193.2527497109536,800.1147105560152
AA,page_1.jpg,170.09888108668125,1330.504671707628,174.51955796017037,1337.176648682234,185.01275929549902,1013.1343094002173,159.02677438631974,926.122274306274,161.46454445159512,925.5151674696843,167.41700147099385,740.8632132943803,156.910908275759,1205.5020098993796,159.2777776500477,1287.761343295995,168.16282288565222,1079.0925198497764,144.02340730267446,915.4759483935936,141.82917121897924,920.7552949832989,141.44836070841635,765.2941112643753
AA,page_2.jpg,178.5455019902698,1286.1731750354893,184.2212781954887,1268.972292041581,197.9592083149049,950.9629180817708,167.80558106676085,1193.5455243091292,172.78799673260332,1206.1762419159202,185.31279362416106,964.51156274494,161.59609685979655,1184.1121983877877,163.33762715612562,1243.1084559352912,172.62758071649714,1036.2426041868728,149.95300468032497,954.7723785999428,151.29340780642883,1001.0861124949444,157.67233972094667,889.0390159050772
AA,page_3.jpg,178.53490985599637,1214.7435943996072,182.66900583321785,1238.285423522486,191.7672835850982,972.7812732543028,164.06215600253566,943.5241670792121,166.05671241560427,959.2488212737344,171.51585029632835,796.9452147934829,159.9644039651789,1154.3906918615696,161.97851859306596,1201.21066419702,169.71770241030544,962.3544901269087,151.75027629305148,817.3146072861184,151.39991409797855,821.8641941211422,153.74875416951332,680.3594280785779
AA,page_4.jpg,181.32606919780318,1111.2263461230255,186.2549087374899,1138.079384708814,201.0989015822745,918.5661148688345,164.5881373399188,873.3035245238116,167.8202880518795,943.6053577272285,179.53433079046698,904.6852015616305,156.82236800764116,1081.6268398005084,159.15201481313912,1153.0406851850832,167.7019128052382,1198.4933033242137,150.02090638313916,540.5642321620016,151.06456450795326,585.7875803047394,156.63708228078775,613.5152637964824
AA,page_5.jpg,180.2431987140848,945.8238124632134,186.7843137254902,1002.1532194113685,198.6846529329031,801.5773707505512,172.42977798544445,781.7561412782659,177.4268281747043,821.5407124883495,187.39893240449692,729.3309462922526,162.65998652625606,1263.4076590479103,165.9167157158222,1335.5543893553063,176.24602820030967,1029.910024084633,154.6799455346945,894.1433598890469,156.80687471091855,926.1517878510091,164.01270070512277,731.7344878769978
AB,page_1.jpg,179.08607773687987,1085.7462100875282,179.7628353820867,1051.3163251133735,185.33277542421928,840.6264390248026,179.4081225617986,1028.8555323193289,181.90000138665482,1009.102312385599,186.60752352691034,829.2173430489547,176.44822094126906,1208.3824579433604,176.76163622473783,1181.6401292578566,183.36382156168253,916.1636868378961,174.35550825521844,929.6827292871311,174.7345526651506,924.0607106375234,176.97131473366983,792.6689591733556
AB,page_2.jpg,186.97030738024654,1062.1404709105773,187.86979025031764,1032.5063764511124,191.5051490092058,828.5421474395131,179.08347871753332,1171.9877396155414,179.34158537019565,1128.5336652415724,181.3384455165293,893.4909145508074,177.5422709136705,980.1694400160336,179.03538327797963,961.7399557003441,182.97966029913292,806.2906970114117,164.24549828209283,898.8589066211184,163.20586625247006,876.3731323219902,164.14058355437666,730.0077717350167
AB,page_3.jpg,185.5724538688959,1034.6893392256038,188.62559165780698,1105.350973746252,196.9097213928899,947.6846100661237,178.44339501936653,1083.680280807483,179.54258604445582,1143.9154598751322,186.33251718562803,1036.4152834605732,178.45369412929816,1106.4182066103158,182.5476603119584,1129.41747056827,191.69600512648734,938.6311675022383,168.81099880194944,1016.5238263121315,170.1553365591523,1040.3908176879563,175.96088888371932,875.2450709975401
AB,page_4.jpg,177.01413426614664,1201.501675230897,184.18690576709153,1267.743062025846,196.08524519855789,1074.1540563499536,167.0689658863449,1084.443837735828,171.77928347409096,1101.6772510541916,181.5756772957409,903.6757191646501,173.9467376759621,1067.57189951621,182.2552427340363,1118.99272729081,194.12284162072473,1000.9547515034178,161.10169441713333,875.0929289889089,166.34066814859145,885.8491538219483,176.20237624503056,791.7847048437771
AB,page_5.jpg,189.4204342256265,868.0274638910873,193.5583949398169,865.6642286122309,203.357926997429,730.7049146774574,171.70803827113903,1006.1953053331413,174.54745044065086,1048.7068245317803,182.74552800408463,978.5169120389021,176.41597720782514,824.6699109106514,179.91416237422936,825.6392041795292,189.41830579946088,714.7223620606942,162.25304459786446,880.7824509941483,164.81800785845894,919.3842873448891,173.65149288520877,851.9369706551706
AC,page_1.jpg,184.42018403560948,1125.5166568175653,185.5042356134853,1155.520702034029,183.4354797500948,1006.6529989569493,191.27719116150024,840.4262210092066,195.72186869997404,895.3861871624646,196.1438950877263,820.7033605523579,177.76261003213637,1277.2283423044812,180.8408032096449,1341.92633206409,182.66089941915007,1162.722420724409,180.37857242659535,1071.2968573724017,184.7924828838899,1133.5524096100535,188.01801033952773,993.6990408844617
AC,page_2.jpg,182.89128872923214,1069.5121175407508,185.6972951012466,1120.4510087846197,187.0432912096136,1011.191929194026,189.61051596211004,975.337839678616,194.89408343490066,1028.2549608246507,200.49259734428122,918.6511169671048,169.0873265336669,1073.9354407688434,172.01129001218808,1134.9027698777677,174.8416533025424,1048.3360869708695,180.35925973442812,1079.7293219058738,185.53258066585414,1156.0509698471026,192.46412855218423,1071.556271987922
AC,page_3.jpg,184.35958257812928,1151.6054683159,193.56998077662436,1231.0818270276964,203.94849233811172,1098.349648822688,185.36449497446037,979.3313077459927,193.52296369528204,1054.9725352270557,202.71550941945407,967.5964836848539,174.54641814950523,1111.5823254659786,182.59614279132018,1197.3826439191416,193.73475217763345,1113.2303259544472,178.6710380235645,982.7034280490401,186.46073896921692,1055.793759929603,196.57744037562807,1004.3440753931637
AC,page_4.jpg,176.10253783616074,1051.13332545535,184.90282811497565,1138.3705746628652,192.22775528233822,1029.7368718651455,182.0220927419779,845.1851010400206,192.9449984749845,934.243707617976,202.35749308484344,857.1184876479181,173.7866682092111,1216.748378967638,182.91467064923592,1318.467623456962,193.23126597322283,1216.7881037485386,177.9652990608008,1000.1761793388921,188.66690926683563,1145.1049759323762,199.70688991491465,1054.5124394612671
AC,page_5.jpg,166.44943561583048,1228.1014299862657,175.26423440663393,1324.5050227886622,182.87911639903487,1207.3314808400164,169.6750062401198,1116.1056639660426,179.23878858474083,1214.3347042262358,188.17838422497712,1087.6629290474789,172.6186867498235,1103.933508737351,181.91841679010977,1205.5144356477526,191.15697534367948,1144.770801267746,171.9748342170476,958.031089026342,182.07569947254026,1068.342880335638,191.37254994254704,1015.296124098765
AD,page_1.jpg,184.05341711906001,1748.2327605029657,188.40897350090478,1844.506630762566,193.4275327830247,1875.6816885882329,180.8279269229816,1412.1271891507042,185.12972162316254,1496.093945459305,188.6527651768672,1556.2898689681595,167.7407054857341,1961.337917441855,171.63889343347958,2067.255809627993,178.3042487791577,2137.4453543977406,169.90881237450733,1698.4616434198672,173.88624476339209,1795.5300804942665,179.04121365360302,1837.7251103884266
AD,page_2.jpg,185.18614206802985,1211.808597292236,189.43122949344482,1284.72537804755,193.4985865186272,1284.0103789913692,191.89100826492046,715.3340097997877,196.57964919081306,752.9114671176678,200.69181122201763,757.7303155945043,162.72240435647944,1459.9447147630767,165.71356700574967,1540.2601166882346,171.00397501105707,1559.4831664195437,169.55335581601062,1309.9649273718471,173.5389401813357,1400.2394224061961,178.33059486952675,1401.695793277267
AD,page_3.jpg,172.9181400560224,1355.9310020308046,176.01358263305323,1435.0105746157208,176.67127731092438,1403.8365520379446,182.38771988795517,1144.999678890725,186.19442296918768,1225.160342566195,187.86747338935575,1206.713523532205,178.79322697465008,1651.2337868139446,181.37485982745844,1707.099642863711,184.3610061661936,1699.651461206061,177.7840685691914,1281.1444305391258,180.83797032956278,1353.709276804388,184.07939987975223,1353.1065104355882
AD,page_4.jpg,168.69047801649995,1227.4630470614982,172.592407393205,1303.9417840798865,175.49399712949065,1289.4425795254592,177.1986962190352,1209.8942702097013,181.92899981374558,1290.0158194689886,186.37439549483418,1305.6610288066727,174.95409226190475,1099.9145372624962,179.15723476890756,1177.2773561840293,183.6843049719888,1182.094366761334,182.60134803921568,970.6821261589806,187.63034838935573,1049.6371278198014,193.685849964986,1086.9625011070411
AD,page_5.jpg,196.79316576187998,1101.997786267087,201.28891202498698,1172.1969988435778,206.00469001759996,1177.0316777632847,198.2665055402692,848.76102903463,203.6917850325971,905.3831498366376,207.1495203391091,897.6544637767671,186.2763317716467,1421.1445946202518,189.94897250935773,1531.6207347341542,195.89633871247614,1563.950222087401,191.581577055601,1364.1058324798028,196.35906397957413,1443.3983480393613,201.2148013187576,1459.2208716227303
AE,page_1.jpg,180.77546726499165,988.7293704159372,184.07546091484454,996.7415105272439,195.25426200706983,772.1789191910945,173.4289511943604,808.9098591725203,176.3023240579514,822.4837759792426,185.20770290602337,712.7774772229789,166.53345383436394,678.713904888321,166.79730458221024,701.3973078871991,175.01207969980445,615.8730912247669,158.05076189270187,721.5706451288607,156.6797897935925,771.7170635833512,162.06000590941707,728.2351650668681
AE,page_2.jpg,179.13672580143168,905.8871516257744,186.02414905356082,989.9547431961854,206.30673966556319,822.7940385539333,174.49404560142816,768.701306827017,180.81086028065894,842.6776919203018,199.89484328746073,743.9702145219127,168.55339105339107,1124.1043601585109,173.9748351865999,1241.4100279663571,194.28414396061456,1006.464612066761,158.87229114410323,957.5316419994328,163.02102117370575,1025.4274387059218,179.89734594264795,852.1400508051648
AE,page_3.jpg,168.7083889083889,1038.941267350495,175.00613837672662,1101.4364808097907,193.89932277579337,961.9764166536668,163.66222399947233,706.2821691019441,168.03489479412298,738.4445489710896,183.50713396434872,709.828503102892,151.74693907046847,1122.5176813064895,156.31145499969028,1205.3560278067882,173.0131398013751,1063.1012210234842,142.77139777055885,754.5479195243965,145.19702809887374,798.1538464355181,154.8370978513596,716.4036918529155
AE,page_4.jpg,179.61414669521076,1161.0348314620292,185.3472384459392,1214.787142788302,200.09580653706027,992.6503763580785,179.021062847664,808.8411605286334,183.94627139178505,876.7899543436258,196.21579594158592,789.4668132403604,163.38098980836955,854.0233842864907,167.32018741830845,905.2532274106269,178.23277909738718,803.0708882555484,160.7871308410809,814.5842576478943,162.9357888200376,879.1034513858007,171.624208053429,811.6228096459797
AE,page_5.jpg,175.5090204439985,1427.1377099272129,179.7657218111125,1490.0553783733824,194.74463062837074,1133.8414339191272,171.39012320945608,1316.301855769654,175.06394620855454,1386.2428882439262,187.18705549434037,1069.9667356752734,165.38695036882115,1171.278124488526,169.08780322859397,1240.7122319824211,181.7069017771043,972.1130790170278,161.41144390321966,1062.5500474745509,163.4216760519709,1150.8767932740272,172.88159763550345,961.4464400765129
AF,page_1.jpg,178.93174248602395,1191.3726932029133,191.79560803224243,1349.3032463206605,204.6105686156319,1429.0716196804585,178.19054710491793,1084.928288947683,192.22650072687304,1260.577476864993,203.1944143058067,1310.1473795955621,162.25490982910017,1466.6756875827482,172.91836464923048,1660.4526076929205,186.09560003776792,1758.955807285597,169.4791308658295,1399.6814264375055,182.1002336889812,1609.7123802683052,195.25922481352092,1712.2474517265339
AF,page_2.jpg,169.3279125531961,1551.2247409688712,174.094577779698,1657.1558322140954,183.22288349787215,1738.9119980020025,174.56415285908707,1612.0047230618127,180.77539478516343,1733.528269742721,190.01069970404615,1805.1179883873017,166.42875049891586,1508.0115883773667,170.0426424741912,1566.5072742936918,180.9990830735375,1649.727602960715,167.2454666076957,1851.963113745719,172.016802407741,1983.5966109164917,182.2146665084519,2040.4044312295998
AF,page_3.jpg,174.19116934909556,1760.7840448890918,186.25128424251056,1992.7343352210626,198.01241038788396,2105.740338789565,174.02518871955562,1542.6142898032017,184.88716232255615,1740.8185262636862,194.46830698381046,1816.3799882888025,156.97768427540268,1598.8123026152791,166.47359400741962,1787.9489056676957,179.33259058207204,1922.4036146978997,168.38049803842551,1034.7305670369253,178.5904090267983,1172.0794481395799,189.85925495727204,1231.4262422013085
AF,page_4.jpg,173.181592039801,1735.3900269649705,182.3757891216188,1917.0884409666091,190.6184372256365,1963.3330753452692,169.65038045068775,1428.5541176068355,178.9011873406079,1598.4400709176605,186.92988628287137,1630.738490981675,168.2523328734479,1866.7802032829827,177.63024164889836,2076.7106030646464,187.5749675989799,2144.277203137668,170.3932334127681,1877.3596761916408,180.22069066432545,2112.0891023951763,189.33716292487145,2155.0335555782467
AF,page_5.jpg,179.29249967134868,1430.4894623972962,186.32156256004205,1574.1705835042646,192.39543326355812,1647.2837320395781,187.61335234454793,1095.3126035207583,194.91396414161332,1188.713406009939,201.58857709148643,1229.026835913828,166.92507356733307,1559.759939326819,173.2677527328621,1727.7363053189922,180.73954433759064,1812.9759816750889,179.763979815753,1145.8502112075532,186.89988370799583,1250.024374891673,194.895501016291,1309.1990810747623
AG,page_1.jpg,183.26258173633954,1094.8360169386274,185.77921932639933,1173.4898221288993,187.28561573599328,1108.635250350337,192.27988653464556,776.079087384747,195.7194209538015,824.0280713343243,195.87286553290096,804.5195850726908,167.2065445165408,1749.6078472873758,168.73395915328157,1832.1804827720791,173.35398893734708,1629.174489726077,180.43006329113925,1698.8732654358412,183.36690777576854,1791.928132646425,186.66192958195936,1598.3600781403447
AG,page_2.jpg,168.55969743423336,1203.263656952843,166.0193624187358,1223.4136590458731,167.8037261242713,1107.101684020193,181.8896619633206,1161.5968711598866,179.72387740715462,1277.772750931541,181.38002663115844,1289.5276651583501,168.6885303057393,1495.646223711624,167.58264124798856,1518.0648984770544,174.08015376363312,1442.071279647374,164.50684784552118,937.1540743299689,163.0956530484534,971.7681725933741,166.4884006794207,979.3044560153902
AG,page_3.jpg,178.45334096941528,1562.9758425830912,182.9286033679527,1638.211259889568,188.69639084991795,1486.3871941504842,185.18096192605483,1297.0517291406695,189.8207517869533,1373.816296788253,194.54826481051137,1235.1208931916353,168.0739209445246,1277.770909362694,172.37746621584412,1360.281480399987,179.04762051609634,1267.9489883852164,182.16789982047865,948.2152582223727,187.2334944987169,1016.4531512773606,192.70621496304943,991.6748939160584
AG,page_4.jpg,188.76548133490869,1378.0370672587399,192.46708925965143,1478.8080764941278,195.94495320951265,1390.3302657081922,198.01131025629493,988.3851014925367,202.61583558530015,1039.6923488556624,205.60387529077968,979.1683557573838,174.96328714927577,1604.3935360795767,178.67225399732627,1752.3545921161553,185.86592450562344,1662.0413489485406,190.42840380865164,968.8576678823839,195.13472757674745,1023.1964898756427,200.10952122027302,979.418780119583
AG,page_5.jpg,172.17724867724868,1325.206651467171,173.69863278644792,1384.5421976772122,175.5776821839847,1283.5400750332244,172.190656262505,1128.7561382959211,174.89140545106932,1247.9188861621847,176.24717442532568,1217.9171716657652,176.83385322424874,1372.0327373778327,180.9607251090661,1453.8409227649597,187.9130046734678,1427.0596698047914,168.4358336201059,1142.4120405523163,172.43101584094669,1257.4544504705705,178.16165758245174,1280.5303558417215
AH,page_1.jpg,168.7752460276146,888.9552217516466,173.84769341364864,905.7847648266562,185.99715921766938,737.7778060644591,159.46568569222546,1143.5539639826186,163.56225129179782,1087.9937144106104,174.51348963592088,773.1466672308868,153.46192707171363,1182.6754511239048,156.14312238169603,1197.4037022955506,164.7007957165167,925.0245493284128,146.89140484250956,1125.2812175251406,146.41592920353983,1085.7098996924003,148.6448273643365,818.7680511872586
AH,page_2.jpg,176.90874111702558,1271.1632354899791,181.8359209921911,1147.3583086987755,195.69966764840984,800.499246289067,164.86794600660352,1100.3487759468462,167.93142385463648,1061.5013451337763,177.45867411899263,958.8767638692649,162.63881758491178,1040.6135284567947,163.97903753141128,982.8245653034902,174.53028182334026,725.5425359550536,147.08674388743822,1034.5010616780996,146.30348356675802,993.9625358265228,152.74960076825136,831.2705832045191
AH,page_3.jpg,175.9716886462614,1203.3291254745488,180.49795007053916,1172.9749715691196,198.36900693123965,884.1896929290448,161.87190270905796,1119.9781362268545,165.79582618919315,1080.6074337133844,179.9955445059521,811.4368953496701,160.8828527329299,956.1817538924413,162.67794546389985,986.5564249334003,176.40549035940907,836.6829083374686,151.13888753008393,891.0118532480976,151.47189475022992,874.9714301430696,161.5982888841059,656.1666263009552
AH,page_4.jpg,178.3972077719977,787.7004492751804,186.94441554399538,807.5627567067861,204.88169934640524,691.1477051910089,162.8983168211356,824.8886342891701,170.08617192216187,842.8430036281964,185.6492489613295,720.157858620629,155.65311013294206,873.3084255900671,161.87557467431418,908.9518319304315,177.30078031212486,797.0298437733104,147.59947489435746,874.1868129588794,153.31603769397393,851.8042451182837,166.2532957813998,631.7750581605869
AH,page_5.jpg,179.5149214591605,994.2736863605805,182.68917202697781,988.460850385078,200.30996324358063,784.3177142469629,164.8063309464778,1031.924062767739,166.07297536279626,1111.6872253532256,180.2678819113338,1049.3862403045182,154.50692000277408,1108.7523360794405,154.56468783050437,1125.091720264653,169.43429790037624,952.3364863271923,146.11569169686356,600.6537574462915,144.17593018014114,647.178167891375,153.3047531945143,678.3487530022664
AI,page_1.jpg,187.6952238166631,1580.2285079227056,192.33880538722235,1677.1767785711365,197.4601942726116,1477.0601222557334,199.32011641238205,1422.5734656636937,203.48164237209127,1508.6622718191372,206.34680810855076,1347.9927398968705,170.9289639208977,1852.004242860521,175.07622402254316,1980.057652888374,182.41960197252553,1690.7753028758416,190.22547677753735,1768.954655115359,194.31850752276958,1870.2968974454348,198.85609369496302,1652.5378201355375
AI,page_2.jpg,185.5680910099889,1468.324635323042,188.60388985782993,1559.1739196504657,190.55736219015907,1304.5657413427891,196.75256593203318,1333.8359276953647,198.21562549548122,1391.0001443011608,198.30268749009036,1178.8694473516796,179.6604646254106,1264.3363099934818,182.34874345342533,1371.293480308351,184.74379641966678,1197.6695654560683,187.68436869253196,1039.587151807498,189.55968233447226,1147.4190090253765,189.92258617732807,1025.5224452885216
AI,page_3.jpg,177.99788540101179,1496.7430325921632,181.32967847088457,1587.4411163096327,184.90899815845734,1347.0751003298444,185.51210126367928,1100.6352778550802,188.59273966513558,1181.2794071016901,190.00176745761277,1042.617444963641,173.62821415358596,1619.2107610673984,177.1682786322076,1708.684097079174,182.38815073199092,1476.2773988369593,182.5679974631362,1303.2246353693713,185.7831552243539,1390.0837304176898,189.30303895142964,1256.960963757745
AI,page_4.jpg,192.51843152457727,1370.0654704564326,196.31612373579011,1465.3913420227955,198.1969829994413,1315.707792455237,199.07778069165252,1068.9008746705795,202.58597767465196,1138.0787457138786,203.49902283844338,1013.5002915094951,180.6318233127715,1619.0329966036973,183.16588030055985,1730.50198670754,186.93883447544553,1471.1907447140927,188.5617322098446,1446.3786407037694,191.88193790406257,1554.6337837683297,194.11012850187564,1333.8013626997
AI,page_5.jpg,181.82891143653364,1431.37332180215,181.20143750201746,1461.8167078185663,184.36750556816835,1291.0891490850543,190.43773657990724,1430.5884209026021,188.98363227493303,1482.0956875091904,191.0228429399929,1302.6406578986046,171.68224548131272,1421.4768136644268,170.63331470695695,1439.1697457257358,176.02716800275098,1272.3700564578592,183.73123428399492,1142.9050264827326,182.61250832813943,1189.8553435524732,185.8882567860904,1091.877988211823
AJ,page_1.jpg.jpeg,159.05896089090592,346.50147618941776,149.36586007901266,361.31611116794113,136.99781722062602,279.86909989460963,168.7860387082044,316.9447772695583,158.3086293664287,321.2672849990078,146.0379838355669,248.461400369088,153.75605518915154,451.95138782099315,146.189942617866,470.1944209911133,135.45492550389622,387.69879215467415,167.2178732911759,381.10138698446264,159.70063521574096,373.0873611543967,148.77413690706743,301.96754900361407
AJ,page_2.jpg.jpeg,157.30778794212654,317.6144755731535,148.1013959390863,329.95912967816264,134.5116439099867,259.33270325863384,166.6450317818442,266.65638819875994,156.93925857730147,288.4747065540227,143.14822216919222,256.80848679495324,150.43960611578487,485.0329884562574,143.5649383369107,506.8823007178609,132.12719177780264,464.1351231614316,167.59505759321212,409.5961300993833,161.00798757758926,394.9471057235906,150.03118474948545,307.0332785692963
AJ,page_3.jpg.jpeg,156.82273342354534,448.07872059810427,147.54036892555246,463.44568408943906,135.3085009710057,375.19744524273494,168.51989500116068,231.2032308811115,157.6889724324967,268.15361147092807,142.81982889916827,229.9420445203534,154.91785484934127,457.94458265591817,148.73439732262838,460.42688365098445,138.85645621688295,345.6783224231136,168.33021081755456,392.82828205813007,161.19580472500644,377.79084015439855,149.07869305563807,286.65757009462413
AJ,page_4.jpg.jpeg,174.97757943808548,314.13015489353444,166.06365616344155,289.74678370947237,157.05206075615558,235.9224172879233,171.08146577891634,389.471360590685,163.37280889212434,360.4979675572316,155.59816328431506,289.9261867626173,150.6079314884703,844.7087981282666,141.8372732263215,775.2060682584777,125.99085803900014,561.0332433941597,157.7126244146311,761.4538434012926,151.22159098791178,748.921168720233,139.90997424343814,724.1240207782563
AJ,page_5.jpg.jpeg,166.46884111327782,564.7260264347144,157.69197946925377,541.7362800816368,147.93447193744757,377.4795885471727,168.79377285651447,490.01871858274274,158.73030778029184,475.23230210111336,144.86686048743948,346.4490199782304,154.26828791676775,665.2577350785282,146.6683728201396,683.7770399360435,133.76886606830004,526.8782015901322,166.19946483746543,556.1969918982086,158.3535081755333,538.151768892007,146.03151602458382,402.68030432422165
AK,page_1.jpg.jpeg,168.20599885202014,797.5202754288714,162.50495924379382,701.4049337003477,155.3070911855302,472.9507532133593,167.97335620529853,734.4554317274399,159.93579053603065,691.1481553589708,147.23197737340456,520.5450500565861,149.8119263611346,957.0997730073036,146.14763896318274,922.9940721499454,138.67028604497233,602.3326256617879,160.06985066871778,549.9585955456341,154.1647905691344,539.622940506427,142.3333547396974,441.3235006763153
AK,page_2.jpg.jpeg,176.34205814995127,984.0459873547304,167.63073873300297,901.3830599079395,158.64779132525746,635.0423478066168,169.43270881584783,764.2010256999815,161.5320120238506,700.8988098202531,154.63196044613085,501.96302222311067,158.63819262385113,608.1476320579808,151.11170049736452,559.0148280618516,139.71874765688818,389.62269939176997,149.04881880451387,662.8542359197792,141.32262422181705,594.5702348059975,127.28383777657321,371.93448629809757
AK,page_3.jpg.jpeg,166.66504488853997,1262.3798552981027,159.48755366130385,1089.8613314666163,153.14235519960528,775.9073691712848,162.70168041312618,595.0916781033043,152.58887571136162,556.905504516298,138.5536099072162,470.3019893206087,152.61577414260768,904.1821441782586,147.19239175546508,748.038109310453,138.11159302599,505.95574725327657,158.31556251694482,503.1239905397592,150.1818258913141,476.8001970826906,137.22864309017154,419.7336874569875
AK,page_4.jpg.jpeg,169.05338801593186,1205.0272281195344,163.00654183064316,993.9830385130317,160.36561353352727,711.5728925771024,171.69129284777276,769.5794738917683,166.39317227989125,638.8085784749205,162.33566762200803,543.0354889283658,149.98090944499464,706.6405332633817,141.61564056343647,689.1333840091421,129.3447687853721,475.83127805121154,149.04312162903537,751.6190469776492,141.25231974616383,737.5462742078614,128.67346381385983,551.3998185841684
AK,page_5.jpg.jpeg,170.21744486537054,629.9759717289176,163.05819586339766,469.68800354583374,155.9531360611638,299.1238443062878,171.40187180528778,159.0324808527581,161.86941161059147,123.06763573930867,147.29359463096483,90.6597806429578,153.32560061514417,1090.1164543235375,148.8913395187145,875.7575759903509,140.90989764567195,594.2260746948276,160.71719831721313,353.3787446154808,152.55675108149404,338.7116124939219,138.4945239343573,317.1851914454277
AL,page_1.jpg.jpeg,172.6008443791975,823.2448892435592,164.93756773526684,795.3335136485775,155.24478566605936,764.2873364288234,179.31866998504603,386.2465215629784,168.46381161488472,379.1649747373891,154.0290634135005,375.34357894451244,156.15757862766438,1024.417810738128,149.82786077807273,1063.1972510768314,139.74602365091002,1007.8810907247505,162.55334811704938,791.0785042598899,154.07214347186616,817.6245626504902,141.29586025593738,764.2085516045221
AL,page_2.jpg.jpeg,176.39710406300998,956.3054867118424,169.96784331563106,968.0124614343032,165.16183212503043,949.753644539195,164.15547407102986,1536.2333579277101,155.6037650904864,1490.2668834581611,146.17532096169472,1419.4446695729364,156.92121160130392,946.0048533140954,149.01433870519404,1012.4698621383162,134.4884489699833,934.8984984715725,158.36507505842016,1389.4434883339106,151.76248967589285,1413.116776491328,140.50232217598264,1323.425216484365
AL,page_3.jpg.jpeg,163.3800465450314,751.5380947824264,155.59660972779037,724.2753571542181,141.47963654875863,679.2036872622602,178.88566770605115,609.9920386861613,170.2733088790102,609.390630602154,156.80253664360626,597.1899334144709,149.94107780838357,881.9400817187878,142.7583802268464,897.1566762634966,128.85643009305977,802.9938375504587,162.1255215861674,958.6897000393843,153.9142833549998,994.2459192937399,140.47202904216022,946.012421293363
AL,page_4.jpg.jpeg,175.55775769506084,946.362394184667,169.42616320687188,972.5274430218005,163.725301240754,995.2503369409887,179.30814990455738,870.13835161771,171.86458035075162,886.6707229001295,164.11372062157002,867.6063895302751,147.29926330231447,1146.5186212062627,138.95356865903125,1157.9394586020624,124.11612980195657,1038.216620049007,151.5177635110952,1441.0008983684345,144.07954470890002,1480.6180723947143,132.00001416726317,1452.0841259542256
AL,page_5.jpg.jpeg,161.82940538689797,957.7723398536068,153.63386675144835,923.4234335911839,140.21986174063326,866.6830333000873,174.64122358619642,671.1707795771973,165.34799846892238,665.5110380224969,152.35245528927595,656.2880308124311,144.5339459625439,1147.4406458586031,135.27048347300573,1176.5591307311347,119.545542303888,1032.4476125867448,160.5465458454589,571.0289138169812,151.37223849520046,607.7409509739153,137.56156207922513,632.8997875112615
AM,page_1.jpg.jpeg,170.43347101984799,555.3487530016412,162.79787531672298,593.1816250254169,153.55260636613176,601.3101311133167,176.13488637563344,221.47736164645394,167.8787518475507,211.9202466262371,157.48917797191723,224.57230423083655,158.6882568359375,658.7934405398208,149.64631743559966,644.8883766282254,132.0031857052365,570.6032639750152,164.87671030405406,236.62756253094113,155.56528254328546,254.05469617096108,138.9259495090794,306.37321096630626
AM,page_2.jpg.jpeg,156.3552708579855,850.0989171248226,147.47603874224342,912.0509015075903,134.9333979123324,723.6834303996051,168.93994998139112,174.6327011435218,160.0187988322123,167.2299221569904,147.3273301987995,173.36067252499328,151.457576304044,786.1883420502409,143.18363464226138,762.9009753239644,127.09851095210186,629.0676816434408,170.17926716663288,150.22635418287442,162.53191193645216,148.1776801396737,150.33871070487515,178.45287248586123
AM,page_3.jpg.jpeg,174.17318538050245,356.8719068184869,166.4440227193657,390.8538519593462,157.7159301069362,384.77050343706907,168.16068483180788,486.12167215345545,159.52573007504998,573.6938891926981,149.467314923495,527.5184284158082,158.42553376547278,320.9086174181633,149.2503793809053,333.76144165228715,131.5516244140482,324.7678157665745,157.9201732775866,413.69553799002057,148.85269632799935,443.52484639607013,132.21312034010614,428.8171525509042
AM,page_4.jpg.jpeg,165.9067451898946,859.5492021517357,157.25984808432324,889.2662705072881,144.91686464781662,763.2000425035135,183.30840287769783,200.56880802641302,174.54111360214154,194.4518017245883,161.96410975405723,203.00288053672435,157.04809971557637,930.1486122999113,149.48094696335954,912.7846759645621,135.2034083988623,757.4723416034964,173.2034726451397,199.30421641655974,165.82953856449723,199.5947809448487,152.8552190061904,228.05587232697354
AM,page_5.jpg.jpeg,170.23692403170577,191.0860075093325,162.36750433214604,192.2964598301277,152.86301742472384,189.546747123629,163.66157511451502,393.40375820393353,155.38520308163714,429.5499329934723,145.35998869295918,394.91080738568115,161.64597283724999,246.90506939772993,152.5164561904985,251.15700409363265,135.0566700249135,260.2915191846897,160.9641613220355,480.1950695363864,153.04610739197602,477.45674619616636,138.68025373343946,461.98666577835456
AN,page_1.jpg.jpeg,171.04602579276633,609.1456090039308,161.09282629079115,502.32190574465335,146.47111148685,393.4957707384046,161.54799560385507,1110.3692667372727,154.0033547504496,1045.469662262719,143.94804940283137,905.094084725229,157.4568439983399,625.1416801452532,148.72067802081253,587.7210561952212,132.5032948030189,490.5379627674036,155.34032924973485,720.5233232111451,147.8633213950843,716.7483401864972,132.4228845473969,634.4131864286062
AN,page_2.jpg.jpeg,184.56686722578053,908.5412359918608,179.2127492942975,806.173939655516,170.34345918502856,664.3894358747084,190.59635034696447,791.8099126615116,183.29818027527577,696.5738786773151,170.2873058023548,554.8521804785431,167.64584291011616,913.8786486344505,161.95591785589028,901.2080734835052,150.0845080853585,836.639613003349,179.19908473823972,722.286375826012,173.0401995821631,672.9620609242188,161.50572208659955,581.0316419554649
AN,page_3.jpg.jpeg,170.0545540388101,971.4338991499533,162.93763958071918,892.5787537373933,156.88094731105113,812.2864665322886,167.84980946345237,1037.445432092925,162.04133873846382,955.7127984139221,156.65586611349127,774.1683706832148,152.45598685210518,637.334726216172,143.61677369914375,659.7713375567324,129.02412030703755,618.1457138737566,159.47016339050484,597.27972018807,151.8785985265497,637.6322498657902,138.57008379584286,643.7722985002937
AN,page_4.jpg.jpeg,165.0549928320553,1059.856906623705,159.47959563659003,936.4656407585406,152.23622703058,817.3192941473703,180.11151765552574,508.91295866046136,172.1144214931578,378.047341631781,158.98727456669147,292.5196719496852,151.9570575056012,1000.2677530546191,146.031499731991,941.7145666845139,135.88775501022548,817.0577723800393,165.21459807007824,635.6502857786818,158.06583187545874,563.1718444717708,145.7205656082133,490.9423088835287
AN,page_5.jpg.jpeg,171.59498712804003,487.8798978873695,163.7556667212299,417.1493602317278,151.9170035532231,344.18431517181523,170.05483273065775,525.072601462217,164.66222224426798,438.86640892994785,158.2787130685529,329.8296549678652,150.72965907907204,620.9084370421534,144.1387832070939,544.9886996647466,130.2050733875328,370.46002905544066,155.349259180262,639.2874157958471,148.71649611526396,608.7130260430382,136.8801394834351,517.6140132761134
B,page_1.jpg,186.24274050719137,578.1711766938982,189.78039790973318,772.8988346327385,203.02706983126058,1088.729077368063,195.83177447552447,291.1944808644456,202.43145881895882,294.42223003967945,218.95587606837606,312.19902918588417,181.45233889959323,539.3480719317012,181.7449738230085,609.9900938963779,192.08966106148188,691.8010269885248,190.074341977467,487.9516241056622,193.57422785547786,511.7081168765978,206.34171522921523,529.5974886663804
B,page_2.jpg,179.47398890086637,309.177508434899,186.08955663352896,311.70096671363495,204.32763903860743,239.42907418790867,179.13411536311733,211.09621087749662,186.5374545853795,210.88380795772312,206.3132685551164,194.16005491122945,158.6596798019723,600.1495682369948,159.64849333253483,768.5183188362732,173.30264103485447,826.722153563123,169.98571934762646,356.8777180695953,174.53133359284544,416.78075853414236,191.41253942587934,417.8720817534961
B,page_3.jpg,181.9134566822067,624.5519702386053,187.0838141025641,790.4005315287677,206.22739656177157,900.8824521284808,191.89404602648364,371.3219907624175,199.83339392000622,387.11583040534595,220.57532619864674,314.4032617710058,177.3926014957265,659.2960656001299,179.233682983683,776.6339023641472,195.42499271561772,706.724055336971,187.85888152154948,349.95247743994605,190.63193596231025,364.9547811955346,206.56653870761357,248.321577369772
B,page_4.jpg,180.07349482349483,274.36871913504007,182.64758027258029,275.8732094581345,189.24700487200488,267.8530013822187,179.75421224695083,250.2518919137089,183.06620667253446,262.1642689670522,191.76845477597553,303.51837484309704,164.91555629055628,739.8459452380114,164.68099655599656,900.345413874891,171.0878772128772,999.2258372040164,165.01858051469048,533.5884813079166,166.36927102980007,610.0211449839215,175.83629081269123,598.6252986146192
B,page_5.jpg,180.91831190694828,414.8992374855117,186.03149869911235,565.8806079237816,204.558104721457,721.5140901713107,184.8881595309152,210.28594260096557,191.42690398301193,222.04755336042416,210.1021148989899,258.7547097145301,180.01716023875116,559.364786257764,183.8624956955923,697.8876319181212,201.05175332874197,715.8457777453974,173.89153370829507,428.004548768798,176.47996537343127,453.4714956140443,189.46771455081114,390.90155846856464
C,page_1.jpg,188.60825691312814,650.3279518590987,191.36597964145557,701.437974602735,198.62037569484377,693.2856645501964,189.9702891526832,767.3802197467008,193.92263497778168,806.5264659681827,201.1141907627236,809.0925685463461,185.05662157117925,651.5303482686336,188.7558916699454,678.648856690826,198.88457018048283,673.4607914496387,185.51799493951333,754.5431541967292,189.75492390387592,796.5144640732511,199.2598824255089,794.9917544191375
C,page_2.jpg,185.93014963387455,735.5334632801672,188.7778069616895,779.0634419909649,195.72672981003927,820.5990446173296,188.5011731432294,710.8064551485827,192.76968788564105,728.2552732004676,200.64491099470894,735.9697440944514,183.36099968163006,879.5852156832218,187.00479146768546,918.7114436660547,196.98502069404648,927.6505290959317,184.2758581423555,817.2823624222599,188.8703133854848,846.5261904546763,197.98951850812196,847.660282386579
C,page_3.jpg,179.47553086114036,600.671288836307,181.46165572958583,617.9172187117467,185.49548587465694,608.6357541949914,181.07742656449554,636.4996492584497,184.08464137107075,664.3967105138688,188.0319413545915,694.5515716214937,181.81602353250273,576.7384056338116,183.97521565879933,600.1752252538295,190.2613946923079,595.6333308568652,176.4610105778477,818.9777136637882,178.54838195440777,894.0997544436832,183.82580748008618,941.6027748341867
C,page_4.jpg,168.73105271838855,616.5197183668681,170.15436416304146,632.831270874292,177.23047285734904,632.9529463199186,159.48664701403465,805.2189536893698,160.98961548750876,851.7533056491621,166.27609632876488,936.5098899883336,165.84284992680864,603.054896869361,166.34050986536914,618.957744349649,173.53088211038494,608.4579354361362,157.7054780425567,710.0516380982235,158.85601874717042,742.0517294762093,163.816163003663,827.4072023330625
C,page_5.jpg,191.70971706784704,677.6087222488353,195.2282741430051,753.0820777340326,201.51621277260796,814.7415161935022,186.60151359827927,655.9879884165758,190.29269345793898,676.4013918438536,196.22966218202913,678.6840550045378,184.77990096495682,822.0918348979287,187.18323599119688,902.4403167756947,195.52766579905196,974.742552912349,182.77595437616387,814.6488788081435,185.96557579989843,836.195678864747,193.0703720162519,835.9069266941754
D,page_1.jpg,185.08703775788246,720.9341962327924,192.53397293522315,782.6193630928952,201.22488494035215,751.7783050179017,160.57588052959787,727.6117741021433,166.24176846551944,801.4604044178362,173.93204697986576,798.4651650434561,169.3179035101779,977.5119889003593,175.8830375747029,1053.8129334883185,184.5265152382479,1028.5162307456349,140.13743759486496,674.2609510772231,143.98589598229796,736.5171739347941,149.63900800980196,751.7640692352193
D,page_2.jpg,192.3162450037238,802.6610271772869,197.09698614924267,793.9075508389667,203.50502602250143,749.1737096400977,172.93857658133192,790.6399590190099,177.2014471716372,826.7774976857592,182.93555687516496,840.8374433711605,166.01485772456252,870.3712003277894,168.82139221484317,892.7127945027586,175.17662910553986,875.9791560739092,148.53365003958828,635.128884389888,149.41608823788158,675.4247174156327,154.27691123427465,716.8834767619808
D,page_3.jpg,191.03544494401086,843.2495092650379,195.69774770953512,875.0026459282057,202.75438793688497,833.5185366927353,173.56883703600204,869.0841096340039,178.2279205355215,909.9672091472752,184.79454105114297,887.81497877381,165.40124703087886,802.2565652925557,167.60677383780114,862.3573387435572,173.6238780963692,857.9250003319329,149.48126648629653,711.3108902221966,151.4158336191311,755.9137447491454,156.68124658630458,752.184894751822
D,page_4.jpg,178.29482492997198,838.7690609870909,184.67415966386554,891.353435918485,193.27260270774977,874.0410589121869,156.87242729306487,669.5971713267421,162.58244546979867,702.295589023406,169.57637723713646,693.6358844520248,153.17018440709617,772.0595876877494,158.42753968253967,817.9901696704608,165.32892857142858,802.1241799444779,147.3697124347502,557.694644277858,151.78263422818793,597.5998158796339,156.36406599552572,614.5421017376282
D,page_5.jpg,195.6448503134964,740.9040264113318,198.8350645181999,762.3745852492025,202.82055808777898,744.7298964251797,179.9568059746207,707.0389187661247,182.83821874130663,770.7646038246138,185.93918811923564,761.8046175942575,174.76587276112215,800.5724896509693,175.95994735828464,824.5949612349511,179.522079561747,822.5371716485456,153.62687509362092,696.2854659127757,154.11423252230853,727.4744945314548,156.75813057713296,694.264098741461
E,page_1.jpg,181.93519212434313,1318.8094781282064,188.4937828429525,1432.8681117205642,195.42730094676392,1387.1664771145709,188.75517837741958,1022.3517139994668,195.7434779716636,1097.8722554720598,202.1320724595907,1054.8873572024388,168.9596395079771,1478.3100526993987,174.99902569723542,1609.2749982203625,184.24845163361786,1520.5715508681367,176.71521794488547,1567.1399551924221,183.5314954440274,1693.118050673823,192.04788033790592,1560.4540022441145
E,page_2.jpg,174.15201383842208,1717.8942010796147,176.65072518654233,1798.4924309984804,178.4057257494959,1573.0856982877585,180.70053941186706,1590.3593166928322,184.3064616833335,1734.2612885570918,186.32623465951545,1605.9382223763212,168.9006438141639,1850.36892649366,172.18565799035815,1962.7845630352008,176.56198323421938,1799.9322633612271,166.82892148333147,1764.9742326887347,170.4840274721338,1933.5843583339674,173.90871554468316,1757.7985188048362
E,page_3.jpg,174.37246460227928,1640.858617369451,181.1974112019237,1780.8184300426853,189.7746620109231,1631.2197752125608,182.31735287722395,1524.9230646988663,188.8620262716959,1634.5258591995455,197.39419311103435,1490.0664861117175,162.72487880997147,1656.8298888278364,169.53524423468016,1809.4345859651246,179.72946036862234,1674.6706324128386,175.52436974789916,1566.1989347853028,182.7876469309185,1695.3832627221504,191.93697862706728,1567.4959912140914
E,page_4.jpg,176.23782930039485,1447.1419671418648,180.7719145489521,1564.060399827466,184.61963956667003,1497.6462482855989,187.843339070568,1093.6781950265722,193.2451635111876,1135.841917734224,197.85535688974386,1035.9622149505885,161.956773756434,1722.703372721933,166.16229509854483,1866.662274808163,172.9616964475321,1738.6178838273615,179.1733256479487,1674.4441343161948,184.63998624720645,1766.2427045109291,191.3042138154901,1565.8929993639647
E,page_5.jpg,183.5126465400975,1388.4712046602442,188.6968703530795,1463.7704725052258,194.44494472686193,1310.7170637861232,194.70377286717155,1080.0434433625037,200.8695438669295,1134.0170465107126,205.9360699012115,1025.2397487483963,168.0316380798895,1089.3503562323153,173.53520432830666,1166.4160497078758,180.53603315298722,1091.7123277198632,182.81436859675378,1179.1599855544782,189.51671923563947,1264.0512261653291,196.23900541038333,1183.7340448263778
F,page_1.jpg,195.96568945760123,1133.895222710286,198.98405271199388,1165.479377082019,202.07348166539342,1085.45121809191,205.2812905844156,1194.4128613787004,208.86815078304048,1227.2631758489222,210.20462423605807,1098.0698100717505,171.07795788770053,2465.891609256057,174.37733002291827,2382.512463535852,182.37156226126814,1730.2095923645343,186.93814457601223,1845.4259771914735,190.74120273109244,1807.2160095542015,195.00115784950344,1407.7241893583916
F,page_2.jpg,189.4114968914395,1862.0102672202709,193.86121199699392,1799.285677427012,197.75401516704244,1356.2808182365673,191.13173737787798,1556.968071238538,194.24114777618365,1505.7878052549947,196.12720912755347,1135.3963395294704,182.29365580378493,1796.9815533837493,185.52445719751316,1761.9984761093415,190.55240828038532,1400.5123623425645,185.54843752135,1601.2361842430905,188.7360961945754,1623.8525492202336,192.14866161098587,1269.0991540808197
F,page_3.jpg,177.00826295074992,2045.7198083325163,179.20858632060418,1928.0817720361877,180.55759387299224,1414.7852043796836,193.74796511009467,1373.2976080813269,195.55728965003723,1392.7916173747772,194.4578066163174,1216.271681052274,184.44274134432533,2018.9213870648102,188.6204782798075,1944.7865372634135,192.43125285512434,1499.610217683719,190.8274814350519,1798.6762833029545,194.51606837425234,1774.322289056337,196.9560687992011,1414.8209492897881
F,page_4.jpg,192.51763895268718,1476.8113252260716,195.5050176983977,1452.3773600533225,196.5407387392256,1182.3148430977024,200.1612663042745,1502.5721803191302,202.02471100799872,1495.4148229552497,202.32225744230277,1193.9153470331205,184.25249804101705,1626.6008371357266,186.8522440487449,1607.1634879659475,189.13049258288524,1266.7371449950072,195.89695024077048,1011.2407532062188,197.04391059794705,1149.2085092927882,197.08411454469427,1054.8650722540606
F,page_5.jpg,190.9200045287576,1871.0936787198505,193.85323051376238,1817.5660977256084,195.89745634780857,1421.3099220761023,210.60517787953503,763.1162837616966,211.94090474513158,794.5905096629941,209.3674759724249,769.8856049964663,181.92610325567352,1720.0904306816346,184.88642882302622,1678.1362134480737,187.87801036582297,1304.3825019136448,195.1729708649927,1413.530884682742,197.89275650379912,1387.7997880188557,198.3331027021587,1118.4426354041857
G,page_1.jpg,171.3903616921221,1271.0650337668255,172.7522766770942,1315.3742155634343,171.0181745690977,1287.4678841240982,186.7706475290846,1111.943942047328,190.49836430922733,1221.037312542574,190.23736940031486,1230.4313799085453,177.4756384305547,1446.1633323762499,178.90980392156862,1503.5427857658021,179.21747326667892,1499.0493215429938,181.49493753705863,1325.9386165436665,184.43997423787033,1461.270073531815,185.43379337136315,1460.2997457792187
G,page_2.jpg,183.6969202226345,1364.6364761637763,186.57863581796354,1457.993920085968,185.76341809451054,1438.6467682795242,199.00309942158682,1067.7326674644141,201.88813489031978,1140.5337548865302,200.56037542289644,1129.4481882689672,172.9817545695321,1329.5858903873545,175.4905928130007,1409.7574243932568,176.01666503177145,1417.5764261100003,187.52308581019958,1259.0620230405282,190.07109614273725,1349.3620294483962,189.93984675582294,1347.193663301457
G,page_3.jpg,181.41327226169437,1396.208196432155,182.01707841935058,1460.4460626633181,180.6666065567858,1444.797118729431,191.04756374652865,1290.6740652167348,192.87190103509215,1402.145134757809,191.8431468724829,1402.6011169122114,171.17265962178863,1198.6689588068414,172.9702119474399,1257.524251826299,173.68186484894386,1274.5555553927536,178.06708503143747,1116.0425367825294,180.55600437599932,1231.6466014307885,180.4063788605571,1240.6874427498658
G,page_4.jpg,183.2798452714419,1379.0917413125937,185.4982793117247,1490.9050279404814,185.6972411186697,1437.3042709889028,184.61610421946557,1047.5766780957588,186.26006847183316,1115.9570987281381,185.89329287270465,1067.7798700915853,176.18542305811212,1375.701781643751,178.61983015428393,1471.9658128029519,180.87419856831622,1458.1697904685961,171.71953448045886,1083.824564827087,174.33446489706995,1175.139689410655,175.2897781334756,1125.7299630960335
G,page_5.jpg,195.84810485388186,1055.654186111168,199.73011413520632,1122.6099359834614,199.55277060077762,1089.9167800448297,198.59353066599775,761.7424134343098,201.92453530665998,811.7733945068745,201.31647309670137,781.7748278469182,183.6867076382792,1563.5639625329868,186.4283055311677,1655.4138452286124,188.84420418913834,1641.7997286687043,189.5020318575191,1326.6719148481009,192.6113708767089,1403.9697776390715,194.0558459801831,1383.4315156175674
H,page_1.jpg,184.08622753231455,1339.4394301169905,183.81428045561154,1371.854701675386,186.6252184979123,1208.4820333303783,188.144203363448,1184.9094080592733,188.5564834194003,1233.5349113471261,192.1066984991744,1132.6142777602872,173.89135789484754,1624.0198520081005,173.811013767209,1668.1036285523182,178.91037957110254,1522.5892862548908,182.8754283190122,1416.2947226384,183.16298314069056,1464.4418139845181,188.43995119950358,1433.7225797096537
H,page_2.jpg,185.8383332957848,1483.9461237726637,190.06976592245476,1553.7715559931496,194.07982066821367,1283.0963434197517,193.36772703719558,1080.4013100453012,197.2171604298556,1136.9848890193207,198.88120395611327,978.3870049442537,174.34102797745604,1569.2973477873784,177.99522347091448,1648.9901091411668,182.57111358599664,1482.5772704877338,184.41329688501907,1292.4995106823026,188.799025795057,1369.5583449274277,191.54703519962203,1201.498977322476
H,page_3.jpg,168.03540115233085,1395.4722158208353,170.85111247751132,1497.3342534480078,172.98578716039262,1323.204327611915,183.25158616292046,1133.890246795194,186.86459429300174,1198.1556763623541,188.6549338434561,1038.1114000724833,159.6560057311152,1145.9693312627,162.12128358786003,1199.4633335248475,166.22095040993392,1080.0967944526983,173.6524806404294,1279.441200251854,176.1255637302282,1346.9904788457952,179.89858882659965,1196.1699616205567
H,page_4.jpg,176.69643550947458,1688.0157579725596,180.56985002719713,1800.8096758841718,184.54893820143644,1626.329538380593,188.17000543942808,1562.1044218631412,192.52351054027952,1630.4092953945446,196.43263878867268,1421.7131755762302,169.82465948070114,1457.8575276292927,173.08895352064206,1575.6208918180832,177.3706315287013,1480.3996747751776,183.5472308870708,1331.6300722305516,187.67947115437985,1402.0211048256142,191.72886560172284,1301.6564041026147
H,page_5.jpg,185.69825992773744,1555.6649685354955,188.94971103342144,1628.9925510606554,190.6928506908434,1428.1785382621067,188.51371859422568,965.0207085583941,190.1663209661771,1204.3655033393545,190.404523936971,1129.5993074253329,180.7327435515707,2242.0907068233982,183.59082165200226,2337.589088418595,188.9766484895119,1951.1813907412156,184.12054004549864,1687.389757759269,187.42637834130676,1788.4401403879874,191.25144483289284,1509.005945563925
I,page_1.jpg,177.8184702416424,1454.5042795160962,182.76197090890778,1418.0780248440208,201.87812754421157,1053.3827848171848,167.8347699822902,1175.2241321930062,171.39863441410742,1182.2901350294956,187.13351183032154,998.4627945184784,162.21672486004212,1408.4704904459988,164.96973804587765,1455.5914060458808,182.28248197544127,1101.962289914263,152.05693997968828,1098.9187549346398,153.18747219727555,1156.2830684219944,165.86711976364538,993.0740582603937
I,page_2.jpg,168.59536359098095,1390.3660659485906,175.97345661036692,1440.6858979112342,197.06405482985272,1083.006640385046,166.23239293308526,1061.1630158351047,173.02183699913616,1093.5121984062835,191.7074639510931,910.3614997083988,151.94999117075756,1330.7787395736254,157.399547111799,1376.5976784312415,177.44285610412274,1032.764618465432,148.79540778656224,1125.3085725850979,153.20346811458342,1151.2949613837177,167.0009063306261,884.5230058733823
I,page_3.jpg,168.1988436754012,1332.2449611996524,173.04672765657986,1325.896170350399,188.44873949579832,1019.8964568220797,160.28325398662128,805.7464579803548,163.03716897543558,790.0423610973883,172.88335757816202,662.373014155086,155.8548229783717,1424.6711622327493,157.6233337925334,1443.0102619812951,170.16521008403362,1098.946021511864,150.87500550115524,670.9157687176504,150.75829849268345,660.5097039373077,155.94195180988007,566.8983797749909
I,page_4.jpg,177.33834413283387,1107.4783120500447,179.7402222334717,1121.6992792054468,192.15681887212716,833.0427866000772,167.02505912913398,622.3884543761026,166.52669402441984,645.2472153824846,171.6851954799062,578.980009863138,162.29422142350916,1457.1230191543732,161.44729675002532,1452.3050334436798,171.46113951604738,1042.5014715373845,158.3308401390798,1058.746052403247,154.89458589391123,1020.771608513929,156.51720556723538,745.6862841819274
I,page_5.jpg,178.3413689727374,1452.7505700018867,183.02950997240902,1346.152981876062,197.53924996908276,994.2838969934992,174.8985752475332,1048.1999118974934,178.09888344017912,1055.820667156737,189.6574528133221,846.5661658817735,161.11113788236096,1355.5717773791514,162.26600127080516,1297.0630637992454,174.59582425361518,969.6871304584245,163.98640589482287,624.4702921326808,163.91856732987682,624.9885883287808,172.14039366928034,563.8395128359405
J,page_1.jpg,192.20972676495748,868.6419151520322,197.8811528204096,940.1613672212995,206.79395410858953,921.0266161921273,189.98596839933577,681.954155753442,196.11134202183868,743.0726882457745,202.9948045086298,767.1169533319336,174.33145419602818,1051.9206640482814,179.02620240921482,1105.5425273112305,191.37883458316063,1008.0911579589834,177.11062290387008,874.1133683311376,184.09817236311565,935.5136290723498,194.91147956940623,859.1188074364286
J,page_2.jpg,185.76925384919068,877.230298033299,192.07697930178782,925.3092374604594,199.4734510179911,862.645753332142,186.09169251593255,742.1299377535163,192.12903502340532,794.5387659009222,199.34964074220292,776.5788939829409,170.4770334442502,940.5357869019889,177.17256105126614,1020.0674264509988,187.59126276013762,925.3261175583328,176.59581523884722,791.6964846591125,183.78587107326152,850.6713379065633,192.68729344086628,811.1730352045699
J,page_3.jpg,182.80505519855,1114.2968743186425,190.85063546987422,1185.85561630953,200.5446366782007,1047.2369634630431,188.1719272807162,1017.4628538184062,196.12878782885704,1087.9361593424169,205.50700280112045,968.2237236855527,171.83160762344153,1031.6046554866184,179.31095073323448,1104.7282033636957,190.75980886472237,1006.6979406675921,181.11821826769923,925.6021984401935,188.9876728730708,991.4565515076417,198.98727082990058,942.9324594874245
J,page_4.jpg,188.96889751916703,1004.3679078351682,191.9428459830147,1055.2342952159697,192.36781055051503,939.0995698187853,195.9006729384981,808.1519161384915,201.02438202372582,863.0606440362311,204.11863358889372,786.9643630240564,182.81518631356926,1129.761487098826,186.19965850882187,1204.2349810790492,189.47932415994285,1111.8380600161943,184.96600042407402,998.3862668864264,190.10903835637842,1059.259397478268,195.71922506054216,997.3606757394869
J,page_5.jpg,181.53458323568472,905.8088160524394,194.05672324706777,997.7719964632206,204.6753043847021,918.9558179726238,180.8651980314038,809.4570837106581,194.25368107402323,903.9714109756798,204.78032296583973,845.2120877325809,172.3051413394043,736.8510649992182,184.1435133415916,832.2422516893747,196.62781925519212,830.5761354822798,172.89582510294954,752.7442359209774,185.4783911971163,848.4633333207781,197.92590534221657,841.4619466774818
K,page_1.jpg,181.11547287756864,1097.9997412609578,188.7486257145599,1211.1677402734574,193.9652569673873,1222.7349602760655,182.49564478319877,1047.232705475861,188.8969306482789,1148.875145828782,193.13988512207493,1150.563120954081,165.77971952239298,1396.6051894808754,172.12039700056206,1533.1794919777765,179.81802952828767,1583.424473762655,171.02799566808778,1376.940691560265,177.11618024044856,1508.82085311887,183.8784734122034,1552.1753775590387
K,page_2.jpg,189.64948646125117,1204.4900503120637,189.32064322025107,1231.1330215180035,193.66070546737214,1239.1106391537319,187.22282394439256,1294.396727744811,186.86996576408342,1347.4862138280632,189.38321817615935,1317.1692056616014,179.29559082892416,1244.3930368928552,178.60194625998548,1259.8673318277997,184.19172735760972,1279.3105733312063,176.18441124597987,1414.2216725421538,175.10200850710655,1488.4635085709413,178.86567071272952,1431.675064886279
K,page_3.jpg,182.54655933802093,1567.4084607651723,187.67509646715828,1655.2751121069691,191.13416438003773,1645.1850804370506,187.36054707597324,1678.8980798927846,192.05070528211286,1796.5513541158512,195.12392385525638,1761.326359564773,174.44035540330782,1292.7093788813424,179.05334903388106,1385.2172448723945,183.73553497832253,1390.7744087313542,178.364125675748,1198.2066470905588,182.81251405020606,1294.69956185918,186.37628860461382,1254.4641233127359
K,page_4.jpg,182.63842372603636,1256.1969117636224,189.75614803024274,1379.8303889824645,195.79640223777534,1392.5971214864808,187.4002621661478,1134.9204905564884,192.96136092319935,1222.3026080493416,196.83096603543925,1214.073323541858,170.62423534086793,1643.4275016140202,176.01982445272964,1781.4069982090355,183.62191652738983,1846.1377555443232,181.31677516625567,1662.1923756454912,186.1617232150162,1786.6877222511328,191.5397669498954,1813.1572765974333
K,page_5.jpg,180.26100121758918,1898.209163340165,186.9438391983872,2091.14228200101,192.71136350026947,2120.5019102329247,178.08815744825247,1694.6787489533533,183.26181760114972,1859.2097644841062,188.27866025269967,1854.1701378405987,175.98439489810175,1661.4050060865752,182.22825605301503,1822.5181341090913,190.1278428711152,1895.2978980015387,173.66832671310806,1489.7752699820028,178.75282740174455,1618.6499717958152,185.41602227589374,1630.3911782454568
L,page_1.jpg,182.60015369568254,781.5669538077914,185.62579891814207,789.1371786841713,195.201325375756,698.0219922951566,174.07168733759505,841.5325408663258,176.52580146343797,915.2569025543437,184.03513327169253,939.5830906862989,160.38318928521528,839.319542546079,159.10737739276232,879.9235725925794,165.2274576338849,803.1864434275899,158.02842983309156,898.2230096756908,156.03565336606673,975.2241269786986,159.8587535270768,930.5251282650494
L,page_2.jpg,182.66092922406446,866.295997449398,186.85400373243007,895.447156843127,194.90251237850725,800.9511416798853,169.6102967149417,702.1484841509175,171.7696926880961,742.926061849542,176.5522848084362,701.8849708072541,161.16878689937514,1029.4390266042326,163.62018745959924,1074.9885090792739,170.4959254471019,931.7427694355106,152.647478919291,711.582332742414,152.57251979005335,738.8899611519488,154.49826621923938,646.8096209829906
L,page_3.jpg,180.58432733567284,959.6453105865326,184.64077607350106,969.6130687916011,195.97786850390656,870.1442680067968,178.2552050730168,818.2333667305854,181.57590874400816,846.8540160252866,191.10880274745534,798.5734475551556,163.4078767079158,827.0250305425085,162.55165089578333,853.1452115989149,169.04541413065422,796.6563114447929,163.32141540255708,720.2946444101087,162.06671411543772,743.9320550535676,167.89372475711087,692.188607816847
L,page_4.jpg,174.77621202327086,1108.9842326669616,182.26218756733462,1148.1292995886065,201.40569650937297,967.6904281186238,165.04463747037278,962.4615956237975,170.6214070243482,1026.9592637819717,187.09501454427925,961.6940938696442,167.27816855962828,1065.7302554050757,171.35156384443297,1120.8969995764176,187.97363029168818,992.9467453758781,157.58136777232835,943.7841747597272,160.98588345379451,996.4154832648545,173.72034449750473,886.5888224634933
L,page_5.jpg,175.3825164003644,976.8489118901252,180.63797313543353,1026.5589249432405,194.41050205706537,906.4049912289009,170.5594114911217,851.5179019309523,174.56493239539557,921.1353906142526,186.2374860887331,869.0309527321245,155.97529857606983,825.5065469295635,156.40897953750348,917.0764470249316,161.6459039647907,1080.4889547210128,153.5924663222763,854.1456158845983,154.12505398402072,886.9642026219548,160.89432005049582,788.0912768091501
M,page_1.jpg,173.58008019351044,1117.2833047419836,179.9829784915775,885.0587854278753,196.5080956220445,775.4382541017764,179.3338447122404,982.9054929455299,186.77254679770752,808.4145597955012,202.4225108413781,725.2195146179009,175.47750441282224,786.6473888689088,181.25383643138878,698.3590694305009,197.5616727320273,655.6700584018193,166.02004401926388,1124.729720924646,172.9500664647301,929.9748912004462,188.9192638758744,828.5857260069674
M,page_2.jpg,183.61882484414886,840.5875290080613,188.67294161471628,760.5155915101494,199.1554610892597,728.1681187253629,186.62668113367693,843.320005809151,191.35951103838715,763.4539312887904,201.2186305049745,701.0471688952891,180.97557335434175,998.9398007479455,186.46781556372548,895.8395760318094,198.2183735994398,784.0030176279305,164.95567891848435,1068.8476734178798,168.40727681068233,955.173624166315,178.04555106963087,832.6411935913866
M,page_3.jpg,186.5127529078546,1250.7335086013532,189.08815094811158,1034.7425235800597,193.77116616163195,892.0103093634641,184.49573156025716,1439.4336847818442,187.300225376945,1163.0213181964214,191.67823698676847,984.4398453087399,178.88617246154968,1149.8590206326128,180.7192819135089,1022.1112132879402,186.14148678058584,900.0428494633874,175.07431409728633,833.3217792121385,175.18991334214883,786.4364323611105,178.01165556414927,750.7668817704717
M,page_4.jpg,181.60051697638676,1663.4828193498934,189.0489810175852,1314.8951537052824,199.1319846703527,1044.2193532358774,184.20099754499515,1309.282690184422,191.24064627205917,1068.6745695643183,200.41318608618025,883.8741408778844,174.47218906565,1590.5253797685618,181.7001816403521,1313.0917413191294,192.5858560051099,1061.0027996080805,172.51734046453794,1269.9201786719013,178.99064826475794,1039.630025810045,189.09328221396802,867.1552656526482
M,page_5.jpg,191.00190057331343,1223.156178486829,193.23587266682375,980.404075072244,195.6586874001937,825.9995087459422,183.92935771184847,1467.2390770739278,185.65943517531204,1197.478166115563,188.04708701833616,1074.6468790722956,184.27822313995583,1355.5205426665723,186.58679247748867,1114.1258498435348,190.2251839460512,920.659090013147,174.43934942123227,1307.5697008010836,175.13772219148913,1103.5401958115153,176.6046818082186,1012.4404153138594
N,page_1.jpg,175.18011928909496,1978.9284500195768,177.39482275668888,1890.18229716022,182.56749009948808,1228.9459859924887,178.69057786672775,1858.5383946397267,180.74086541359728,1760.253047474538,185.20449224165995,1141.1565818235508,175.47430426984494,1884.1385484388552,176.36696270153513,1922.9804544753504,181.69957523335648,1284.2286019949956,169.72837327761354,1988.8943926885263,169.49165888322918,1951.062906459203,172.97237922833236,1296.7272179890467
N,page_2.jpg,176.36406976198302,1542.665042523465,176.7662058119337,1434.5577504931093,180.66445472043566,963.4539954411332,177.48317460912602,1441.0400978443195,176.8663061002587,1378.9885983269091,178.2353117618387,1018.6055334776612,171.15382956529893,1781.138316235828,171.76562239958744,1716.7519468797684,174.20688442741113,1113.699251972942,171.51306712345436,1130.304615692676,168.9520255913435,1100.4121607477282,166.4544826972939,855.4359927244977
N,page_3.jpg,173.70765373449458,1238.1734102335797,177.30152194950296,1231.122896425642,183.55365091932788,987.2594423319124,177.42012460430013,1197.4008329646592,180.48131374554907,1195.386276497298,186.21481070069063,973.3270875130656,170.53066992170318,1305.9096558193496,172.37100598222926,1287.2841127207348,179.30275578428785,984.1768464568538,169.9322184219423,1221.8021680094396,170.95075978767215,1195.2054775445258,177.53819354498796,888.7651617456551
N,page_4.jpg,173.66843400067864,2020.3707562174798,177.51669282321004,1996.0443726899994,188.9437669664065,1366.389455338298,172.21169197488973,2094.467917675056,175.18444392602646,2087.8109901938356,185.49620588734305,1510.254638641696,172.0271229216152,1766.8864059317855,175.15610790634543,1804.6473303555092,187.47886834068544,1254.279121657929,172.49263021717002,1384.8328350653305,172.87958941296233,1428.4817941307056,180.84380726162198,1146.144457747718
N,page_5.jpg,168.25035893754486,1393.9520685126906,174.08942612220767,1381.5232347578649,193.42517841307378,1130.1042851809975,163.20790192573605,1387.4772819998918,168.37227875956967,1347.3346872510174,186.1639868807123,1081.852918427402,169.28466069845024,1552.8155288205191,173.7442274397196,1556.5201152143495,193.05766014948694,1267.3857783855783,153.71250337256754,1079.0945804367782,156.82277579171023,1085.8172138861576,170.84034265286164,881.5511258344962
O,page_1.jpg,169.20949174850662,1363.0661668673258,173.42083375518882,1442.643484654655,181.67902450136683,1306.6884827782799,172.87921180520402,1697.3392803142558,178.03265667712867,1846.2175221817142,186.25891465019743,1722.5221350172167,166.89041206844183,1636.9245906674985,170.36394907360534,1739.8310547905623,181.79569201174445,1575.9699014574364,175.3562873342108,1715.1733934450285,180.34169029057406,1851.497105698147,191.52946491849752,1698.5691632046262
O,page_2.jpg,169.59174918374993,1175.0288967583726,183.64710164320505,1325.60897449842,198.4117700583418,1246.8829798086053,180.2658780709736,934.6774809864714,194.90464861103678,1078.3843914932363,206.79904458598728,1026.1462384491708,160.8061776061776,1365.7586279872667,173.45598321999705,1566.893365859039,189.1611574995658,1445.9280916663004,171.12888805760778,1315.576555628556,184.90411350549758,1507.1660632917615,198.6513607032638,1395.1407076580458
O,page_3.jpg,185.86423507151204,1145.1482371479246,191.70361622794815,1237.9951685134126,199.24626189548667,1173.5430926268307,195.72017140631087,1033.934731742004,202.15840614391453,1108.7366861123023,208.10822193778174,1038.6324551889873,170.0588079676315,1583.9781809453389,174.6108043217287,1717.6250062046959,183.26246276288293,1533.8951366852325,183.31645547107732,1378.011985230988,188.569154328398,1480.2232399989032,195.9647081054644,1362.8247004161092
O,page_4.jpg,187.71719195991935,1765.2835318582192,189.62583883909858,1873.001513236248,192.08406155811494,1653.6897978633137,189.39023333799076,1701.6142661764163,192.38076608315535,1836.5343401304965,195.29521547336273,1618.8140354727432,180.35419070240923,1742.086772743209,182.77635082536577,1840.450110789794,187.34339607577,1621.1756059520483,184.4270404598894,1506.934223603046,188.11114393500867,1625.7416381233377,192.83809058065032,1459.8296207857431
O,page_5.jpg,171.30407645411105,928.4673705413071,177.25317954632834,1023.5139063786492,186.12167408139726,976.6207070343274,191.11968363816115,1171.321155587288,198.7943142747295,1289.473683935504,207.64897017630582,1210.20086879721,166.44132256824298,1659.2081475560256,172.25895314988742,1811.0637896439302,185.14705333113636,1634.5530487950357,175.0549766573296,1659.4562668514902,181.40661503817213,1812.2426896954357,191.78846377766794,1659.2519053623255
P,page_1.jpg,163.3864990421456,1570.746011210727,170.57739463601533,1161.7208299936876,182.84846264367815,915.6333917936238,166.89007183908046,1168.5900566040345,173.48676245210729,832.3489195949122,185.76877634099617,670.6131807344595,167.71858738904194,1711.6089860822776,174.25967056932967,1337.994707712106,185.85992022497703,1101.2416695528646,158.7148425543312,1202.2601108510144,163.5385364057239,892.5129299285987,173.53151543847568,716.5134839350808
P,page_2.jpg,184.8512445358191,964.7877462604681,185.6091738358051,768.6253023753981,184.97379388810157,628.0300423959698,178.64056696264885,1141.9400481951886,180.50877783800155,868.4349011892897,181.64229064706913,664.8674887094793,185.76357811533165,917.6288868238297,186.0097886185353,768.1068204886618,185.87558434300087,640.6309867416188,167.91429004128872,1123.108282140748,166.97248880103302,891.2536828667503,165.6787072167578,677.9962763596063
P,page_3.jpg,166.64470926909806,1186.7733515035413,172.8533729864742,960.4180809858519,182.79348898249475,810.868612010478,169.70760570047165,638.4652215136233,174.67410570892432,587.0033921705915,183.6505249099792,565.9197035856431,169.4145587706115,1146.638136157263,174.7874118917088,1016.9382175952417,185.37186673157927,921.2569207728752,156.3942382465809,740.6000683186041,159.66572067350768,646.830857453598,167.5470982029652,563.0790033372194
P,page_4.jpg,166.62736646060293,853.2849945330951,175.90095926220957,819.391714532352,191.81336908595213,836.0957789029314,169.91748505837762,737.1335551700373,180.46969561204648,774.0169466273595,196.84480873827295,815.8413156238969,167.88820500162683,1458.0241535483524,176.41672145493712,1225.561506079182,194.710379104913,1128.089211029721,158.69609815324236,1169.0749517561744,167.68134246108906,917.111313888518,185.6020286556572,751.7220589485072
P,page_5.jpg,178.79246455994615,1032.641034605912,181.8818635162416,756.6743495561451,189.2198040937106,625.7509913971824,177.07721049400837,1021.572249860974,180.86040015301538,784.8675206988988,188.5231791614401,666.0619921952804,175.51667164305482,881.9355723279396,180.4546309376852,694.1278220366104,189.35407967271706,591.0990374377258,168.98482745736476,906.4852956063995,171.76198546353874,781.1196370340302,179.8166039481527,680.8257162844945
Q,page_1.jpg,173.09391349760244,1337.747938551507,177.98685372454065,865.0404529172638,190.64048331196886,594.6965085638268,168.1740700716642,994.6285362991889,170.65155177643803,677.9881940429057,180.8516143404239,478.17242772037525,151.30786170603645,1096.030323397025,151.32121937632598,774.2328530057788,155.44557964229415,562.292215084894,154.6034612508401,628.4164618319936,151.7118566654992,483.16664210802276,152.20155763387322,369.77440608940987
Q,page_2.jpg,174.1471652344574,1111.5593844979683,186.71454021038343,755.6098502116073,206.37558121406101,587.4720817555238,160.6437580950027,685.1716949023926,171.86782548203882,470.9531018444994,189.24558922466466,388.55618303340185,156.1346834618806,986.5390440333248,163.17505892387126,748.3108445739268,177.638358752373,600.587068853184,152.15541032224405,519.1364479090869,158.2461979231026,374.27776341733653,170.0671421837171,277.95658785895483
Q,page_3.jpg,181.92461059190032,1417.2984448174707,188.8872300321998,893.0678112204431,204.39482970758397,575.6510965959121,164.77732390390767,1074.0799157639317,169.21229797821405,740.509582603216,182.88132461477346,525.4800541236286,161.51051598209378,1136.5697668978244,165.09592397706746,758.3550123134959,177.59554438597868,466.3688693854419,145.05857847749274,1195.1815034341234,146.4789876434799,862.6809547049216,156.39805870915134,559.9028823465082
Q,page_4.jpg,168.66707296780098,1191.3415641173979,177.3577003078459,803.0616253296039,191.56936933189118,591.9633424843612,177.42144826898797,671.4202283895925,185.38986394444814,429.77125681915254,198.84024270715662,322.77953525240963,152.91306000768662,942.6358937754084,160.39064100300195,630.1540817852075,172.55524924432072,421.3211775591236,157.13911864013073,527.3016695561206,164.0222165072465,343.4413892716469,175.05125434499465,231.1476351435863
Q,page_5.jpg,170.592081678277,1395.587883167364,177.21850935148407,946.9868232156006,193.11775085331044,598.0301915041448,163.60511485915606,692.0781719602965,168.44570294441166,473.0506873093572,183.07521839978318,342.0503390199576,143.49564661969302,1029.9666660118517,145.17539471845745,836.4150120575149,155.03447773408652,684.3035499033896,138.64917741395527,744.5882571865416,139.15604226115514,588.5074483067157,145.74186181829776,491.0277309212364
R,page_1.jpg,194.95967846802017,974.5833018748754,199.2050969190492,1008.7985194554714,208.33667016314996,879.1952575842743,177.58961878431526,986.5320618845367,181.93022294908903,1024.4427751195715,190.8828013793163,945.4428450076057,182.4640519617872,858.7374597540835,186.6282205211783,897.9024309718465,196.77348639839104,794.8744137132232,158.2000592742581,676.594446647491,161.67419925669216,729.1565989227983,170.01610356121472,716.0492930897689
R,page_2.jpg,186.13867074102367,885.2541132172461,192.4138731856379,933.9402837979529,205.64432827676526,822.0595655069893,176.20311601150527,793.5177737821484,182.7838054562887,842.9569337622049,196.08598448531333,760.6244771468001,174.37613053003304,841.474687308426,180.76678328919115,865.5752277273009,194.91439688715954,769.1195726727458,157.49285987865494,739.5171301396728,163.24672699100793,758.4474497675695,176.32547288886568,673.9712790735061
R,page_3.jpg,200.6721284969684,821.8055563353661,202.50868418253378,834.0628849083436,207.03195830230825,732.4694477659456,181.264503865432,1015.9954081070065,183.68296873672585,1018.9631454980456,187.7894847506584,912.1637009153864,177.63660720925537,975.2419260682505,178.2860266230386,1015.9014989091276,182.38854550669825,960.7332636038344,150.88825418508557,756.6996837719743,150.21163636209369,780.2963316446874,151.80656971465905,732.8605645141224
R,page_4.jpg,186.7670317083718,718.1030147268378,191.4615607578219,722.315936316504,199.70558081368847,635.2549052157113,174.02180041257898,537.9308471416903,178.21003957771327,562.1871679712892,185.37644799357795,538.7854531811987,180.69978377999323,1009.5186358971953,185.03759890604366,1035.0526997617987,194.64663339605661,917.4609854109902,153.11911118163744,674.4443259352263,156.06646302190777,703.3092617138668,163.8403146614892,642.144379059215
R,page_5.jpg,189.9581820382474,815.5729737396601,194.31802659335338,803.9642704356452,204.44681761593526,701.9690912660755,184.19954130419774,956.3795188278473,188.30960887876276,983.3879175424122,197.09282440969346,930.5230155158747,177.52420025084243,904.2450710175265,181.0603791995061,883.5215627220285,192.41525432875903,800.9251052843375,165.28757305152826,911.2647598054407,168.63497293430103,929.2221972569259,180.0072038719465,890.5524396138743
S,page_1.jpg,182.08759414877062,1170.937188765257,183.8441228343189,1105.564632696189,192.81870111007365,841.429487803496,172.4231460767255,1073.6716226815367,173.44419380230343,1042.6767514401108,179.6651193139448,871.6693550503926,167.90785558667912,965.0491813647657,167.93768233219214,915.6921845651314,175.67254901960786,724.6835695062339,157.9091784737758,790.8125423195432,157.4588553318419,776.689238427907,161.89407365978954,631.1587170534855
S,page_2.jpg,171.80597099599333,963.1424612447,178.652616151946,987.974375815986,198.715311609876,841.189606942635,161.89009713136804,730.1338685554944,166.8922658322242,749.0430875599131,183.91634572725815,692.0099291566033,154.14884468555354,1026.3793533733765,159.04677752957724,1052.4425423287528,177.51168315427438,875.4199234266093,150.12917811193233,878.8323346221714,153.7119616005437,892.0532160229925,167.94075128139778,728.2252698308037
S,page_3.jpg,180.6846264396495,1104.7249571704788,185.27741072676102,1055.7163924573242,199.6451506018084,802.4510515047946,172.37968882016293,866.1413502769974,175.20605102902962,885.697796683841,186.00685687640484,836.4993731079092,165.7522086269187,956.0599331945832,168.3981536557616,938.1174572189695,181.59668656060998,734.9773410640743,157.30367334087902,906.2067052490943,157.05003467295828,928.7694859622278,165.64204155972516,821.8856811354821
S,page_4.jpg,179.6734696951764,892.6132888693379,183.83340470631273,884.8648917219766,198.00126104218896,736.3792277967899,167.36560639001797,732.7500359609096,170.64938471586075,731.107450295574,181.81706038549785,670.8304831184995,168.84807669546691,891.1246699847138,172.26438846985658,894.1398492185056,186.12201766750235,725.472093472568,155.21619159741854,620.4602690733111,155.68947700848165,634.183991647868,163.79901434230766,542.8499063061903
S,page_5.jpg,183.16570134029706,756.7661417802098,187.91480576294262,711.1383220863806,201.06346825582824,615.3659317166678,171.94388441758693,787.421398934848,175.8235625729743,765.080372370063,186.14630961612164,736.9948238767217,163.45628801321325,979.7470078734804,166.48233062149163,956.2165430610667,178.6650708092002,792.2735646224705,156.65761785074469,728.7576574821338,157.41855397203133,729.8394921093827,165.47500601620365,649.4714266925224
T,page_1.jpg,193.64134002594326,1372.3404781321406,198.35365405222493,1521.8954217333458,202.61483052281315,1513.2063204650456,184.74539507077998,1096.9001574365534,189.04610456263043,1188.924872282564,191.0447758163668,1163.3542908794693,181.61729851672212,1207.8733105971999,187.82399864643844,1335.5833464607729,196.37559077322203,1385.3827576384103,184.38329028255598,1580.7442396506071,190.65386723817045,1709.2927057877998,197.32768597371836,1755.4389103240371
T,page_2.jpg,202.13609118730608,1166.7262134019484,203.16203295047913,1181.0835353257605,207.0372265358655,1177.7424154884584,188.1259348918829,1164.2239378585148,188.03150486540198,1211.51973759732,189.96841585048074,1201.2377771318947,196.55713052864377,1560.6379288039238,198.3856874797117,1603.2676230700447,205.49024182332093,1640.6517490008043,194.18549904595514,1315.6972646572115,194.74714512302296,1351.1158972488058,199.8422830570606,1366.9388901351313
T,page_3.jpg,178.22364318649076,1430.8060187757362,183.64057965228847,1512.0866935780534,186.89249486017684,1518.384508434648,159.4244535819078,1076.6327436059962,163.48215134034612,1168.5243056693453,164.40609593005848,1152.0437728957256,170.233821034352,1737.9513078831792,177.05404099882233,1895.965845414076,184.16039042695462,1921.6834906637507,164.47228088384998,1539.085096637925,169.90914788718337,1675.6591284760834,174.86027864827642,1689.3707272502456
T,page_4.jpg,192.11032853819495,1174.870358592153,199.3254759530931,1279.3204861417448,203.49348146038076,1279.759058776267,176.23945544319423,1086.344415351751,180.77977970849358,1166.270028399461,182.94026254569624,1159.0377527108258,180.41711251496366,1890.7058289335307,186.4909838688649,2132.5415023103797,194.5096040108568,2153.6138787956766,172.70837373031017,1800.801045311298,177.84192672837824,1936.8489150109758,183.6419978428607,1957.548209039168
T,page_5.jpg,187.2022684721557,1175.0675474294683,189.8995950711891,1271.035815136246,188.2117472895894,1259.3524461436527,177.79067792920276,987.3394167346473,177.673470631776,1045.394410487044,172.99067575216614,995.5305025999185,186.46700918709453,1335.5240367858692,191.04280707101495,1428.0475100896124,195.05058344581357,1458.5112241338368,190.26575085992945,1314.3025858678286,194.34544346235904,1393.3978804658134,196.93397265642008,1400.1118440734456
U,page_1.jpg,171.32920378853882,1392.124732423016,174.195432955791,1467.766777714379,174.60217531828786,1284.651887007964,184.3290998004553,1245.8247390479921,188.9381523846997,1333.0360950546014,191.21411427447234,1209.6194427309902,172.08951333454917,1680.3960136813116,174.99617008740057,1779.0499453491655,178.8429090500975,1535.6953937006967,173.58415566560515,1715.0590623785965,177.00557231239742,1836.5241310682725,181.357949523716,1572.5596037920677
U,page_2.jpg,192.77623121976063,1144.374027354737,197.12783040488924,1209.4192208849122,200.7850267379679,1109.57183589819,199.6228749681691,1066.9637278180824,204.33128851540616,1121.9231712707187,208.0969391392921,1031.6450667706786,175.36810033104152,1716.8392844228342,178.87128596893302,1819.4063713282042,185.39988031576266,1553.9892655828237,184.99952380952382,1785.281688084931,188.9147695441813,1894.8946303454131,195.4054672778202,1634.4517231009795
U,page_3.jpg,184.64461944777912,1515.3326962597419,182.66974069627852,1533.3830992604928,185.06485954381753,1322.3295411387355,189.04747899159665,1321.3570950850929,188.6753493397359,1383.002863653472,192.5842136854742,1215.999234585791,183.8407005598245,1561.5570185864046,182.127846174133,1583.3250907601637,186.0219350507678,1407.419380036252,181.072211366715,1552.8951007944136,180.00516668864407,1604.9002214502357,185.3124971529268,1437.5693350641711
U,page_4.jpg,173.42738027249735,1273.4251783617974,176.06962552011095,1337.82116657616,178.1172064942482,1173.0695503217119,177.16835860557816,1239.2503579289084,180.84415669180294,1326.2410492891227,184.28082378582502,1205.3345390899055,169.66994020909334,1702.4183813656716,171.384351798972,1776.378529245391,177.04608212216925,1550.5903099162622,168.95196447511043,1222.2195576450508,171.5974685019639,1318.1059155719602,176.04671616219304,1182.2464801720148
U,page_5.jpg,187.26900906429987,1660.6544280993419,190.21486167500709,1747.6188424862953,192.87277641393635,1549.1309744839532,193.10215277122086,1043.3318459934676,197.02698753658768,1116.523299149028,199.58664904163913,1005.4565368874032,183.4352445472571,1620.5660881023155,185.49562836370504,1680.9805492959342,189.9830658105939,1530.588651954785,184.34989849872534,1234.0249343679432,186.80517420451326,1329.1295719434988,190.51253186667927,1185.5116784730428
V,page_1.jpg,179.90877778286207,699.6108447820442,186.7067236294204,706.175845695545,201.5748114530078,639.7435026304194,172.70389141737124,679.0145633662474,177.8993592512001,768.1679792582282,189.82718469179278,844.7670843568163,160.7531292768864,799.1950149277695,163.36526949844213,832.0511296118221,174.17119401308702,803.7395920279147,156.16242338421674,731.6121395651439,158.09555379300036,778.850110291207,166.68292485424314,766.7076186764289
V,page_2.jpg,175.57794761358582,730.3418104549697,181.960813183212,778.6414853900895,195.23718779991106,741.1477189144047,169.08504701725525,621.9639677676012,174.05276822269167,646.5506520740952,185.0489194443925,620.4545903057315,165.34313998200113,877.3939927772284,170.6223068921588,895.8436103489397,183.12702282582018,766.4622864450441,157.96829115755477,745.8047557202138,160.01475763317808,763.9529423619863,167.13031475483288,686.5528134553628
V,page_3.jpg,172.39241289639065,977.3255117696096,179.23435506007561,1037.7880865425896,195.7301678264429,941.6502071399738,164.50449750966328,704.7387396039485,169.81379685006058,737.1984344810661,182.96954625872579,698.6964509854421,161.28374508601723,759.6671883210205,165.51720945889085,787.9928855707385,177.72024861446724,779.306579450339,153.54516759320603,584.1595065851471,157.00540081228218,615.66002690366,165.24765724765004,602.654355127348
V,page_4.jpg,181.7834680860296,725.945847409166,186.356429800836,717.9294295424006,200.42072347011094,656.4246203649462,175.32607804179324,690.2588182549961,178.4124917695711,741.105711414021,189.44251983966547,835.9044372549315,169.16266424095411,882.7567307342727,172.19741546102978,900.1347225933109,184.3375292384995,802.3425382483366,167.41241726054568,556.1554672512494,168.99374120713117,625.4261612703265,177.19332779815034,754.0139401215897
V,page_5.jpg,174.17809491143396,836.1885115187376,178.4802974250925,873.1272020283035,189.9057672048411,806.5402565695662,161.2568728354237,627.8002088445137,163.9695051558495,653.5555985243782,171.26296055334885,631.0998085439074,159.09206267659903,730.8318605980313,161.8181179895539,761.5539261389047,170.69888566780423,702.3307630115632,153.29662817619646,515.2120151442906,154.0264280062132,525.9957675687133,159.3209655832674,499.51222292978656
W,page_1.jpg,181.66815232422084,1075.8940447618202,191.30061908307627,1117.1375230716878,201.12715030315923,1020.0250518196599,161.5709136861779,678.4665284660016,169.8139176790417,717.4370601424034,178.26227805623992,702.3416405160074,168.2286160481892,980.684096503868,175.4034399600548,1033.725761520264,183.37432247235176,952.8188666342536,152.66982580880543,642.476099419848,158.1311736905964,664.1318062663299,164.37930281098602,617.6573516007431
W,page_2.jpg,180.83970489604292,1216.435727607184,184.8515932194474,1234.3085891753326,196.06290027748187,1077.8504457854683,160.42308399239585,867.5131179679587,164.26171345747866,872.771566563386,173.78626156641565,796.8957958580621,167.30976709932798,1029.0337007137641,169.82238529214501,1065.1462755060522,178.49875724937863,938.527506641944,144.89731228534518,672.8984205839012,145.37253048492295,686.8772328431617,151.56801209944229,637.9515217532644
W,page_3.jpg,170.23474778341088,1170.079847294421,176.67818367016227,1228.7985362476738,186.9596962752043,1063.022381906501,154.0650618448056,1059.1103924671015,159.15466516907944,1087.5066382469208,167.1855991273319,949.5804927831138,153.5654733970617,1053.9015476175489,158.69617051772565,1096.1265125621874,167.21219007547998,941.0565485458417,144.14615547944572,917.8789598372405,148.4458817610295,940.7954035186766,153.9621617754309,789.39699934988
W,page_4.jpg,161.8787546282814,1104.3779598335814,166.83240421017598,1197.0686427324829,176.1790442858926,1028.466978485038,153.49686160918583,984.0839180533196,158.49297437284187,1064.4282642820326,166.77443368556808,914.3776284911198,144.11766767026577,996.4663531358193,148.16391196013288,1045.7210979856043,155.8800249169435,874.1108084296118,152.64437292358804,816.5411581200642,157.26536804401994,850.5591245478907,164.6061409883721,728.5087403198232
W,page_5.jpg,179.98757526435003,1150.6488138356483,182.27153897811215,1266.6940665310083,193.6568469217023,1077.301989411592,159.49838344428682,918.9071602518936,160.67754374477065,1032.609166312112,170.3203690567136,927.9073813109214,171.83127471029312,995.7167351394855,172.1754305839582,1094.3965247237093,181.78733469665985,944.239490578503,151.70731436092956,800.1443664347646,151.0026484204793,855.5757487048232,158.94721768336964,754.8737436203699
X,page_1.jpg,180.95994285264305,820.8394380267252,186.54741768193222,881.0108667693619,197.72497721980358,752.0724236225446,182.0031513076916,661.4023444532387,188.0112665426808,723.2887466802824,198.7643392361392,652.8768669944128,175.84102368220016,909.1111755484887,180.05545095043365,961.796473567596,191.8443603109693,801.7259695195715,167.75201207694792,699.62212588192,172.02160347055235,748.8068830908712,182.3013404873847,656.9813595066144
X,page_2.jpg,177.63264657214236,935.743231920415,182.41927906297653,991.176618465141,192.92533013205284,825.5721603700694,181.77252036312439,748.2057266917438,187.16545740371242,810.2398148160901,197.25789907836887,739.1113900805268,179.03943631506658,901.3583876731312,184.07444491310036,978.9787111156372,196.22175140326402,844.4497740023335,169.4581098356266,669.8817132939056,172.9194350150726,725.2806898002499,182.33081763450892,661.8092864251831
X,page_3.jpg,175.88231950605174,964.5843614076676,181.8906314780554,1013.9348945101805,194.37189443416625,829.044475440609,181.96297821017214,573.6061165250268,188.08825636871808,622.0163482993614,199.64455120787568,621.0933947316496,174.67382269464076,1181.8310228014416,180.2779253158217,1261.936173958249,194.26876732149813,998.4779093770478,171.6941064047291,1043.6552357219996,176.95482688119472,1113.2974104760524,190.22861238277258,908.6128037147691
X,page_4.jpg,173.63313729113898,1037.3402092785843,182.78874841010142,1109.3677506017639,198.73077282659506,891.9289538886989,173.95802764440816,841.4145649317136,182.35568516283632,918.188883065676,197.27470762391798,780.3898369533782,174.22128200117257,913.6116144770298,183.08082426769158,986.6209140753218,199.3082144485701,820.1539778619004,167.14974290272792,591.899769370108,173.50781697102127,647.6725105613706,186.4860222326275,624.6825691330577
X,page_5.jpg,174.3136310800939,948.8229291405673,181.397434954998,981.6587823407259,195.59471783586102,792.6690000647619,175.65260938081477,791.138236309892,182.12603545946143,839.1349234449539,195.04120244237492,762.5377933928006,171.75002641771226,849.9064988139507,178.93843294725187,876.6781563226069,195.15302057824925,715.5193331554732,169.34498086438754,584.7609254439108,174.34239422577724,620.603990413913,188.3150093955168,590.3138364298221
Y,page_1.jpg,187.01367106842739,1350.5794673635928,187.21682593037215,1419.0170009216804,193.92869147659064,1308.046425298571,194.92504921968788,1254.3582071104227,199.243575030012,1328.5396075793046,202.74186794717886,1218.1961913727182,170.68349656553065,1440.530482860281,171.0132847432839,1480.6027676889855,178.4254810055263,1323.6789162849548,177.59277622603963,1503.7259608357065,180.70703556743666,1584.3522207269984,186.17893525455833,1396.1357305293673
Y,page_2.jpg,186.28237135950272,1468.2281103200178,190.25211925866236,1590.8912971663922,194.47861632324162,1444.0205476882936,180.86083803384366,1430.0176202485454,184.5944008288247,1502.3030247100626,187.64343271555197,1310.4811595299207,177.14076952258333,1356.0500295541754,180.783397900884,1437.4347145414763,186.0688937681776,1268.0246067853097,179.74222028072515,1546.227145358321,182.88290243594017,1638.166212058915,187.51908172297647,1431.5675266556464
Y,page_3.jpg,186.5482966325216,1181.3864664293371,189.69762865730235,1241.847166921664,192.50557811445745,1102.371909631741,197.39764705882354,1475.9456491284534,200.72771391768387,1550.284397981826,203.38946696926945,1370.9221325687274,179.18103661902717,1253.7268380838582,181.34788934551923,1306.0039831241108,185.60677175979882,1195.1324818988971,180.09275102741827,1777.7970992649464,182.6898951113292,1864.4713795817113,187.5809163957554,1582.1503310255196
Y,page_4.jpg,188.3859034842007,1703.4580444451544,188.84631677232295,1740.7153661822244,187.3221607941422,1523.512333608034,187.35967615116223,1229.4599519517342,188.39783527446068,1284.758718101324,186.99783527446067,1131.6645365690617,188.83733300619517,1913.0011073814087,190.28265227258785,1978.7535788330817,191.66774949395815,1700.2811179125886,190.19291909464516,1461.870943910954,192.54620621971415,1540.96462631753,193.70863031343924,1340.9442909719007
Y,page_5.jpg,184.35590277031528,1330.1548909562666,188.69509553181888,1411.0135668249989,190.68569924133337,1268.555901357759,190.04200606073633,1008.6338197501407,194.37631369683425,1086.1913223006143,196.30522040018053,986.4514728871197,178.88888030307908,1550.707767892098,182.64300202839758,1643.1305109573457,186.97875441364286,1438.8622336224307,181.6771435010786,1123.7314055240483,184.89641220472865,1214.1286773624395,188.36234049175226,1110.321415507964
Z,page_1.jpg,187.26790716286516,913.6629737689394,188.92702021985264,975.176845643896,192.79285361203304,929.8134093721397,200.18126780123814,977.2127978936569,204.03894028199514,1044.6075955344843,207.0373443495045,995.457516022633,180.58169620789494,1280.6509758484865,181.2506885106984,1325.0521141953504,186.85042016806722,1234.8265207259374,191.0553374290893,1393.9959044144236,193.2713603088294,1447.8472919541405,198.29560059317845,1340.1470199315224
Z,page_2.jpg,180.27466164782604,1109.347076233532,175.49502391541495,1096.848500754352,174.88934894928013,993.9039576899918,191.39376640813245,1053.355222653499,188.19569642407606,1112.770420348077,189.49347750512473,1106.334293159958,184.37871228377227,1222.5628261819672,181.823272875484,1232.9012697112114,184.91928457545643,1149.626086705708,185.01289634255986,1520.2557442083296,183.24269051415146,1562.3075382172046,187.59107397595272,1461.2115757043657
Z,page_3.jpg,176.63064656872706,1159.722834291537,182.84085731020716,1231.4623697922914,193.06500113558937,1135.7459475814921,188.444727876926,1158.660332993415,194.51047013399955,1251.8323090621182,203.14658665742257,1206.5822179592865,169.18041048567363,1068.990479418386,175.75442581015338,1147.8481672047023,187.5448964222958,1076.513085856862,175.67556331209582,1160.9558905301278,181.2240218989445,1252.5177833963908,190.55323523434978,1201.006088753886
Z,page_4.jpg,188.72796358543417,1230.7503631359289,194.1148963585434,1308.8673030284742,198.25445098039216,1243.8892462952163,205.95660784313725,761.7406017145603,210.89381792717086,810.9282071601268,213.73206722689076,780.4701840178894,180.72969700359346,1274.5719928485307,185.4975181420322,1342.3293965165929,191.42922859659672,1218.1714557046614,193.58109033963004,1356.1712701041026,197.88130706525538,1440.0594197264438,202.35910177715013,1307.2650447111698
Z,page_5.jpg,163.559243697479,944.2527570978541,168.6093861273323,1011.1337143029306,174.1007548782225,942.788599819467,177.92664625172102,1223.8505822908048,182.71606608745194,1284.6500134470878,187.6748919906946,1190.3916769514922,176.894776641263,1073.635567292859,182.87277619087126,1153.315693539638,191.07015680743385,1148.3020887251002,183.95483756266964,1242.602096846651,189.36070450747295,1321.4014493098823,196.80985172630406,1252.6386039189426
